{
    "train_mse": 6.800306364249847e-06,
    "train_mae": 0.0018391892467663057,
    "train_r2": 0.9998453144144923,
    "val_mse": 6.828640268780604e-05,
    "val_mae": 0.005900434944225416,
    "val_r2": 0.9968899489512986
}