{
    "train_mse": 6.392097992251796e-06,
    "train_mae": 0.0017442088089966324,
    "train_r2": 0.9998569331268219,
    "val_mse": 5.042151110855751e-05,
    "val_mae": 0.0054279588658652485,
    "val_r2": 0.9985613474890696
}