{
    "overall_bias": 5.2250121477872266e-05,
    "by_group": {
        "group_Q1": 0.00010019228985543098,
        "group_Q2": 4.585270921939821e-05,
        "group_Q3": 1.4373243278892163e-05,
        "group_Q4": 4.7540022506081683e-05
    }
}