{
    "overall_bias": 7.241301570999751e-05,
    "by_group": {
        "group_Q1": 7.080230809780576e-05,
        "group_Q2": 3.655131738922442e-05,
        "group_Q3": 4.080573925651965e-05,
        "group_Q4": 0.00014082020285274922
    }
}