{
    "train_mse": 2.9191055477740003e-07,
    "train_mae": 0.0003874246839628338,
    "train_r2": 0.9999937145495456,
    "val_mse": 2.217799198978668e-05,
    "val_mae": 0.00359774240741555,
    "val_r2": 0.9989825259320957
}