{
    "train_mse": 5.701757398841651e-07,
    "train_mae": 0.0005777605795829845,
    "train_r2": 0.9999877229127049,
    "val_mse": 2.518041512886144e-05,
    "val_mae": 0.0036847048085598706,
    "val_r2": 0.9988447818258532
}