{
    "train_mse": 7.379731815999259e-07,
    "train_mae": 0.0006572411540676978,
    "train_r2": 0.9999831756584475,
    "val_mse": 5.159071449037601e-05,
    "val_mae": 0.00510669990723281,
    "val_r2": 0.9976533673114335
}