{
    "overall": 8.529366945926332e-05,
    "by_group": {
        "Q1": 0.00011080545782860976,
        "Q2": 5.8723826823474054e-05,
        "Q3": 5.347533215013602e-05,
        "Q4": 0.00011749307513463928
    },
    "difference": 6.401774298450326e-05,
    "ratio": 0.45513603324159174
}