{
    "summary_statistics": {
        "Open": {
            "mean": 176.69486327032115,
            "median": 162.4499969482422,
            "std": 77.68591921274263,
            "min": 48.8165682220459,
            "max": 425.71730346679686
        },
        "High": {
            "mean": 179.0330414635059,
            "median": 164.7100067138672,
            "std": 78.5239321299331,
            "min": 51.27144592285156,
            "max": 428.7225134277344
        },
        "Low": {
            "mean": 174.31587766821255,
            "median": 160.50999450683594,
            "std": 76.67713574300507,
            "min": 47.28741218566895,
            "max": 422.2493978881836
        },
        "Close": {
            "mean": 176.74661667303735,
            "median": 162.50999450683594,
            "std": 77.60159809810297,
            "min": 49.74543251037598,
            "max": 425.3777947998047
        },
        "Volume": {
            "mean": 15450037.50466012,
            "median": -0.074356503822942,
            "std": 39098614.12272728,
            "min": -1.0138093674377444,
            "max": 251534643.85142377
        }
    },
    "correlation_analysis": {
        "Open": {
            "Open": 1.0,
            "High": 0.9994889167332429,
            "Low": 0.9993700470023866,
            "Close": 0.9988616551635674,
            "Volume": -0.19885002762494552
        },
        "High": {
            "Open": 0.9994889167332429,
            "High": 1.0,
            "Low": 0.9990748361977667,
            "Close": 0.999389442693621,
            "Volume": -0.19945405139804995
        },
        "Low": {
            "Open": 0.9993700470023866,
            "High": 0.9990748361977667,
            "Low": 1.0,
            "Close": 0.999438078801312,
            "Volume": -0.19805192059215265
        },
        "Close": {
            "Open": 0.9988616551635674,
            "High": 0.999389442693621,
            "Low": 0.999438078801312,
            "Close": 1.0,
            "Volume": -0.19880498285054107
        },
        "Volume": {
            "Open": -0.19885002762494552,
            "High": -0.19945405139804995,
            "Low": -0.19805192059215265,
            "Close": -0.19880498285054107,
            "Volume": 1.0
        }
    },
    "trend_analysis": {
        "AMZN": {
            "price_trend": 97.8294982910156,
            "avg_daily_return": 0.0008402511895138386,
            "trading_days": 1216
        },
        "MSFT": {
            "price_trend": 264.7577996826172,
            "avg_daily_return": 0.0009745277356946925,
            "trading_days": 1216
        },
        "processed_AAPL": {
            "price_trend": 156.32250213623044,
            "avg_daily_return": 0.11487006750492393,
            "trading_days": 1257
        },
        "AAPL": {
            "price_trend": 155.0125045776367,
            "avg_daily_return": 0.0011188308729351223,
            "trading_days": 1216
        },
        "GOOGL": {
            "price_trend": 106.02600860595703,
            "avg_daily_return": 0.0009665154282207554,
            "trading_days": 1216
        },
        "TSLA": {
            "price_trend": 207.8045552825928,
            "avg_daily_return": 0.002099784476150709,
            "trading_days": 1216
        }
    },
    "volatility_analysis": {
        "AMZN": {
            "daily_volatility": 0.022704119822565844,
            "annualized_volatility": 0.36041672872272684,
            "max_drawdown": -0.5614526325328263
        },
        "MSFT": {
            "daily_volatility": 0.019164618637737236,
            "annualized_volatility": 0.3042288893210771,
            "max_drawdown": -0.37556466105038605
        },
        "processed_AAPL": {
            "daily_volatility": 1.9977645912981168,
            "annualized_volatility": 31.71352971975245,
            "max_drawdown": -0.3142726566427494
        },
        "AAPL": {
            "daily_volatility": 0.020205580608871357,
            "annualized_volatility": 0.320753648320456,
            "max_drawdown": -0.3142726566427494
        },
        "GOOGL": {
            "daily_volatility": 0.020454244072530707,
            "annualized_volatility": 0.32470105843039954,
            "max_drawdown": -0.4432005141440532
        },
        "TSLA": {
            "daily_volatility": 0.03851896194909872,
            "annualized_volatility": 0.6114695644660502,
            "max_drawdown": -0.736322174421912
        }
    }
}