{
    "overall": 3.345345384715978e-05,
    "by_group": {
        "Q1": 2.763872491404824e-05,
        "Q2": 2.0556148189533836e-05,
        "Q3": 3.9866026618363764e-05,
        "Q4": 4.588935338522951e-05
    },
    "difference": 2.5333205195695677e-05,
    "ratio": 0.4479502689212065
}