{
    "overall": 3.6687836921517145e-05,
    "by_group": {
        "Q1": 4.149900424130221e-05,
        "Q2": 2.237178861061192e-05,
        "Q3": 1.6476495007531255e-05,
        "Q4": 6.597403127526179e-05
    },
    "difference": 4.949753626773053e-05,
    "ratio": 0.24974212866857856
}