{
    "overall_bias": 5.152910547604692e-05,
    "by_group": {
        "group_Q1": 6.917625972602342e-05,
        "group_Q2": 3.006435485929055e-05,
        "group_Q3": 7.30324680397463e-05,
        "group_Q4": 3.345970549108449e-05
    }
}