{
    "overall": 6.58068147964706e-05,
    "by_group": {
        "Q1": 6.537046915104166e-05,
        "Q2": 3.172068012796467e-05,
        "Q3": 9.992101285537225e-05,
        "Q4": 6.694093105275706e-05
    },
    "difference": 6.820033272740759e-05,
    "ratio": 0.31745755193532554
}