{
    "best_model": "xgboost",
    "combined_scores": {
        "random_forest": 0.29997513851446433,
        "xgboost": 0.33382083115765554
    }
}