{
    "overall": 7.850921881315038e-05,
    "by_group": {
        "Q1": 8.463573910088587e-05,
        "Q2": 3.831097572242186e-05,
        "Q3": 0.00011161703040415954,
        "Q4": 8.017755154834714e-05
    },
    "difference": 7.330605468173767e-05,
    "ratio": 0.34323593437040734
}