{
    "train_mse": 5.263024394486625e-06,
    "train_mae": 0.0016670564585782688,
    "train_r2": 0.9998816277731611,
    "val_mse": 5.362551911599446e-05,
    "val_mae": 0.005221328008089352,
    "val_r2": 0.9984805768428003
}