{
    "train_mse": 5.698490677204854e-07,
    "train_mae": 0.0005812763726461866,
    "train_r2": 0.9999877247095269,
    "val_mse": 2.450292505766125e-05,
    "val_mae": 0.0036800656298623066,
    "val_r2": 0.99888389968397
}