{
    "overall_bias": 2.217799198978668e-05,
    "by_group": {
        "group_Q1": 3.285904797756813e-05,
        "group_Q2": 1.7411067836323496e-05,
        "group_Q3": 1.6635671147923457e-05,
        "group_Q4": 2.1573984128032035e-05
    }
}