{
    "overall_bias": 6.833337318900478e-05,
    "by_group": {
        "group_Q1": 6.464090105087408e-05,
        "group_Q2": 3.568839594073106e-05,
        "group_Q3": 9.863297173787977e-05,
        "group_Q4": 7.501589633608474e-05
    }
}