{
    "train_mse": 5.276092316425169e-06,
    "train_mae": 0.0016671982767165697,
    "train_r2": 0.9998813338586923,
    "val_mse": 5.4684242051557055e-05,
    "val_mae": 0.0052033375787084585,
    "val_r2": 0.998450579032581
}