{
    "train_mse": 2.9690884457104417e-07,
    "train_mae": 0.000398943748822052,
    "train_r2": 0.9999933221360067,
    "val_mse": 5.2250121477872266e-05,
    "val_mae": 0.004958007066969444,
    "val_r2": 0.9985195473004512
}