{
    "train_mse": 2.3618591027788095e-07,
    "train_mae": 0.00037645939441885245,
    "train_r2": 0.9999946154243494,
    "val_mse": 5.152910547604692e-05,
    "val_mae": 0.005425246275234332,
    "val_r2": 0.9976561696321294
}