{
    "overall_bias": 3.056885053128223e-05,
    "by_group": {
        "group_Q1": 4.7782701911163094e-05,
        "group_Q2": 1.4008676828254716e-05,
        "group_Q3": 1.2811234100932068e-05,
        "group_Q4": 4.729496765860137e-05
    }
}