{
    "overall": 8.145011461989219e-05,
    "by_group": {
        "Q1": 9.95980847782577e-05,
        "Q2": 5.587155733895504e-05,
        "Q3": 8.945505434433531e-05,
        "Q4": 8.104607988449824e-05
    },
    "difference": 4.372652743930266e-05,
    "ratio": 0.5609701980047694
}